id,Plate,Well,BarcodeSequence,sample,trt,time,rep,site
1,1,A1,AGCCTTCGTCGC,F2SC1,SC,2,1,F
2,1,A2,TCCATACCGGAA,R2L3,L,2,3,R
3,1,A3,AGCCCTGCTACA,R2LC5,LC,2,5,R
4,1,A4,CCTAACGGTCCA,R2L2,L,2,2,R
5,1,A5,CGCGCCTTAAAC,R2LC6,LC,2,6,R
6,1,A6,TATGGTACCCAG,F2EC2,EC,2,2,F
7,1,A7,TACAATATCTGT,F2S2,S,2,2,F
8,1,A8,AATTTAGGTAGG,F2S5,S,2,5,F
9,1,A9,GACTCAACCAGT,R2L4,L,2,4,R
10,1,A10,GCCTCTACGTCG,R2LC3,LC,2,3,R
11,1,A11,ACTACTGAGGAT,F2S3,S,2,3,F
12,1,A12,AATTCACCTCCT,F2SC2,SC,2,2,F
13,1,B1,CGTATAAATGCG,R2L5,L,2,5,R
14,1,B2,ATGCTGCAACAC,R2L6,L,2,6,R
15,1,B3,ACTCGCTCGCTG,R2LC1,LC,2,1,R
16,1,B4,TTCCTTAGTAGT,R2LC2,LC,2,2,R
17,1,B5,CGTCCGTATGAA,F2EC1,EC,2,1,F
18,1,B6,ACGTGAGGAACG,F2SC4,SC,2,4,F
19,1,B7,GGTTGCCCTGTA,R2LC4,LC,2,4,R
20,1,B8,CATATAGCCCGA,F2EC6,EC,2,6,F
21,1,B9,GCCTATGAGATC,F2EC4,EC,2,4,F
22,1,B10,CAAGTGAAGGGA,F2SC3,SC,2,3,F
23,1,B11,CACGTTTATTCC,F2EC3,EC,2,3,F
24,1,B12,TAATCGGTGCCA,F2SC5,SC,2,5,F
25,1,C1,TGACTAATGGCC,B2SC2,SC,2,2,B
26,1,C2,CGGGACACCCGA,F2E6,E,2,6,F
27,1,C3,CTGTCTATACTA,B2LC2,LC,2,2,B
28,1,C4,TATGCCAGAGAT,B2L5,L,2,5,B
29,1,C5,CGTTTGGAATGA,B2S26,S,2,26,B
30,1,C6,AAGAACTCATGA,B2L3,L,2,3,B
31,1,C7,TGATATCGTCTT,B2SC3,SC,2,3,B
32,1,C8,CGGTGACCTACT,B2EC4,EC,2,4,B
33,1,C9,AATGCGCGTATA,B2S2,S,2,2,B
34,1,C10,CTTGATTCTTGA,B2E2,E,2,2,B
35,1,C11,GAAATCTTGAAG,B2LC4,LC,2,4,B
36,1,C12,GAGATACAGTTC,B2LC1,LC,2,1,B
37,1,D1,GTGGAGTCTCAT,B2SC5,SC,2,5,B
38,1,D2,ACCTTACACCTT,F2E2,E,2,2,F
39,1,D3,TAATCTCGCCGG,B2S4,S,2,4,B
40,1,D4,ATCTAGTGGCAA,B2L6,L,2,6,B
41,1,D5,ACGCTTAACGAC,R2L1,L,2,1,R
42,1,D6,TACGGATTATGG,B2L2,L,2,2,B
43,1,D7,ATACATGCAAGA,F2E1,E,2,1,F
44,1,D8,CTTAGTGCAGAA,B2EC2,EC,2,2,B
45,1,D9,AATCTTGCGCCG,F2E3,E,2,3,F
46,1,D10,AGGATCAGGGAA,F2S4,S,2,4,F
47,1,D11,AATAACTAGGGT,F2S1,S,2,1,F
48,1,D12,TATTGCAGCAGC,F2E4,E,2,4,F
49,1,E1,TGATGTGCTAAG,B2L1,L,2,1,B
50,1,E2,GTAGTAGACCAT,B2E4,E,2,4,B
51,1,E3,AGTAAAGATCGT,B2EC3,EC,2,3,B
52,1,E4,CTCGCCCTCGCC,B2LC5,LC,2,5,B
53,1,E5,TCTCTTTCGACA,B2S5,S,2,5,B
54,1,E6,ACATACTGAGCA,B2LC3,LC,2,3,B
55,1,E7,GTTGATACGATG,B2SC6,SC,2,6,B
56,1,E8,GTCAACGCTGTC,B2E1,E,2,1,B
57,1,E9,TGAGACCCTACA,B2SC26,SC,2,2,B
58,1,E10,ACTTGGTGTAAG,B2EC5,EC,2,5,B
59,1,E11,ATTACGTATCAT,B2LC6,LC,2,6,B
60,1,E12,CACGCAGTCTAC,B2SC1,SC,2,1,B
61,1,F1,TGTGCACGCCAT,B2SC4,SC,2,4,B
62,1,F2,CCGGACAAGAAG,T2L3,L,2,3,T
63,1,F3,TTGCTGGACGCT,B2E5,E,2,5,B
64,1,F4,TACTAACGCGGT,T2EC4,EC,2,4,T
65,1,F5,GCGATCACACCT,B2EC1,EC,2,1,B
66,1,F6,CAAACGCACTAA,B2E3,E,2,3,B
67,1,F7,GAAGAGGGTTGA,B2S3,S,2,3,B
68,1,F8,TGAGTGGTCTGT,B2S1,S,2,1,B
69,1,F9,TTACACAAAGGC,T2SC4,SC,2,4,T
70,1,F10,ACGACGCATTTG,T2LC4,LC,2,4,T
71,1,F11,TATCCAAGCGCA,B2S6,S,2,6,B
72,1,F12,AGAGCCAAGAGC,B2L4,L,2,4,B
73,1,G1,GGTGAGCAAGCA,BLANK,NA,NA,NA,NA
74,1,G2,TAAATATACCCT,T2E4,E,2,4,T
75,1,G3,TTGCGGACCCTA,T2S3,S,2,3,T
76,1,G4,GTCGTCCAAATG,T2SC6,SC,2,6,T
77,1,G5,TGCACAGTCGCT,T2E5,E,2,5,T
78,1,G6,TTACTGTGGCCG,T2S5,S,2,5,T
79,1,G7,GGTTCATGAACA,T2SC5,SC,2,5,T
80,1,G8,TAACAATAATTC,T2SC1,SC,2,1,T
81,1,G9,CTTATTAAACGT,T2S2,S,2,2,T
82,1,G10,GCTCGAAGATTC,T2EC6,EC,2,6,T
83,1,G11,TATTTGATTGGT,T2S4,S,2,4,T
84,1,G12,TGTCAAAGTGAC,T2SC2,SC,2,2,T
85,1,H1,CTATGTATTAGT,T2E2,E,2,2,T
86,1,H2,ACTCCCGTGTGA,T2LC5,LC,2,5,T
87,1,H3,CGGTATAGCAAT,T2LC3,LC,2,3,T
88,1,H4,GACTCTGCTCAG,T2L4,L,2,4,T
89,1,H5,GTCATGCTCCAG,T2E3,E,2,3,T
90,1,H6,TACCGAAGGTAT,T2SC3,SC,2,3,T
91,1,H7,TGAGTATGAGTA,T2LC6,LC,2,6,T
92,1,H8,AATGGTTCAGCA,T2EC5,EC,2,5,T
93,1,H9,GAACCAGTACTC,T2L2,L,2,2,T
94,1,H10,CGCACCCATACA,T2EC1,EC,2,1,T
95,1,H11,GTGCCATAATCG,T2E6,E,2,6,T
96,1,H12,ACTCTTACTTAG,T2L5,L,2,5,T
97,2,A1,CTACAGGGTCTC,T2L6,L,2,6,T
98,2,A2,CTTGGAGGCTTA,T2EC3,EC,2,3,T
99,2,A3,TATCATATTACG,G0EC6,EC,0,6,G
100,2,A4,CTATATTATCCG,T2L1,L,2,1,T
101,2,A5,ACCGAACAATCC,T2E1,E,2,1,T
102,2,A6,ACGGTACCCTAC,T2LC1,LC,2,1,T
103,2,A7,TGAGTCATTGAG,G0L6,L,0,6,G
104,2,A8,ACCTACTTGTCT,G0S1,S,0,1,G
105,2,A9,ACTGTGACGTCC,T2EC2,EC,2,2,T
106,2,A10,CTCTGAGGTAAC,T2S6,S,2,6,T
107,2,A11,CATGTCTTCCAT,G0LC4,LC,0,4,G
108,2,A12,AACAGTAAACAA,T2S1,S,2,1,T
109,2,B1,GTTCATTAAACT,T2LC2,LC,2,2,T
110,2,B2,GTGCCGGCCGAC,G0SC5,SC,0,5,G
111,2,B3,CCTTGACCGATG,G0S4,S,0,4,G
112,2,B4,CAAACTGCGTTG,G0L4,L,0,4,G
113,2,B5,TCGAGAGTTTGC,G0EC3,EC,0,3,G
114,2,B6,CGACACGGAGAA,G0EC5,EC,0,5,G
115,2,B7,TCCACAGGGTTC,G0SC3,SC,0,3,G
116,2,B8,GGAGAACGACAC,G0E4,E,0,4,G
117,2,B9,CCTACCATTGTT,G0S6,S,0,6,G
118,2,B10,TCCGGCGGGCAA,G0L2,L,0,2,G
119,2,B11,TAATCCATAATC,G0S3,S,0,3,G
120,2,B12,CCTCCGTCATGG,G0S2,S,0,2,G
121,2,C1,TTCGATGCCGCA,G0LC2,LC,0,2,G
122,2,C2,AGAGGGTGATCG,G0E1,E,0,1,G
123,2,C3,AGCTCTAGAAAC,G0E6,E,0,6,G
124,2,C4,CTGACACGAATA,G0E2,E,0,2,G
125,2,C5,GCTGCCCACCTA,G0EC2,EC,0,2,G
126,2,C6,GCGTTTGCTAGC,G0EC1,EC,0,1,G
127,2,C7,AGATCGTGCCTA,G0SC1,SC,0,1,G
128,2,C8,AATTAATATGTA,G0L3,L,0,3,G
129,2,C9,CATTTCGCACTT,G0SC6,SC,0,6,G
130,2,C10,ACATGATATTCT,G0LC3,LC,0,3,G
131,2,C11,GCAACGAACGAG,G0LC6,LC,0,6,G
132,2,C12,AGATGTCCGTCA,G0L5,L,0,5,G
133,2,D1,TCGTTATTCAGT,G0SC4,SC,0,4,G
134,2,D2,GGATACTCGCAT,G0L1,L,0,1,G
135,2,D3,AATGTTCAACTT,G0SC2,SC,0,2,G
136,2,D4,AGCAGTGCGGTG,G0LC5,LC,0,5,G
137,2,D5,GCATATGCACTG,G0EC4,EC,0,4,G
138,2,D6,CCGGCGACAGAA,G0S5,S,0,5,G
139,2,D7,CCTCACTAGCGA,G0E5,E,0,5,G
140,2,D8,CTAATCAGAGTG,G0LC1,LC,0,1,G
141,2,D9,CTACTCCACGAG,G0E3,E,0,3,G
142,2,D10,TAAGGCATCGCT,B0L4,L,0,4,B
143,2,D11,AGCGCGGCGAAT,B0L1,L,0,1,B
144,2,D12,TAGCAGTTGCGT,B0SC3,SC,0,3,B
145,2,E1,ACTCTGTAATTA,B0SC5,SC,0,5,B
146,2,E2,TCATGGCCTCCG,B0L3,L,0,3,B
147,2,E3,CAATCATAGGTG,B0S2,S,0,2,B
148,2,E4,GTTGGACGAAGG,B0S3,S,0,3,B
149,2,E5,GTCACTCCGAAC,B0E2,E,0,2,B
150,2,E6,CGTTCTGGTGGT,B0S6,S,0,6,B
151,2,E7,TAGTTCGGTGAC,B0E3,E,0,3,B
152,2,E8,TTAATGGATCGG,B0EC2,EC,0,2,B
153,2,E9,TCAAGTCCGCAC,B0SC1,SC,0,1,B
154,2,E10,CACACAAAGTCA,B0LC2,LC,0,2,B
155,2,E11,GTCAGGTGCGGC,B0S4,S,0,4,B
156,2,E12,TTGAACAAGCCA,B0EC1,EC,0,1,B
157,2,F1,ATATGTTCTCAA,B0E1,E,0,1,B
158,2,F2,ATGTGCTGCTCG,B0E4,E,0,4,B
159,2,F3,CCGATAAAGGTT,B0LC4,LC,0,4,B
160,2,F4,CAGGAACCAGGA,B0LC1,LC,0,1,B
161,2,F5,GCATAAACGACT,B0EC3,EC,0,3,B
162,2,F6,ATCGTAGTGGTC,B0EC4,EC,0,4,B
163,2,F7,ACTAAAGCAAAC,B0E5,E,0,5,B
164,2,F8,TAGGAACTCACC,T0EC5,EC,0,5,T
165,2,F9,GTCCGTCCTGGT,T0SC2,SC,0,2,T
166,2,F10,CGAGGCGAGTCA,T0E4,E,0,4,T
167,2,F11,TTCCAATACTCA,B0SC2,SC,0,2,B
168,2,F12,AACTCAATAGCG,T0S1,S,0,1,T
169,2,G1,TCAGACCAACTG,B0LC6,LC,0,6,B
170,2,G2,CCACGAGCAGGC,B0L5,L,0,5,B
171,2,G3,GCGTGCCCGGCC,T0EC1,EC,0,1,T
172,2,G4,CAAAGGAGCCCG,B0S26,S,0,26,B
173,2,G5,TGCGGCGTCAGG,B0EC5,EC,0,5,B
174,2,G6,CGCTGTGGATTA,B0S5,S,0,5,B
175,2,G7,CTTGCTCATAAT,B0LC3,LC,0,3,B
176,2,G8,ACGACAACGGGC,B0SC26,SC,0,2,B
177,2,G9,CTAGCGTGCGTT,B0L6,L,0,6,B
178,2,G10,TAGTCTAAGGGT,B0SC6,SC,0,6,B
179,2,G11,GTTTGAAACACG,B0LC5,LC,0,5,B
180,2,G12,ACCTCAGTCAAG,B0SC4,SC,0,4,B
181,2,H1,TCATTAGCGTGG,B0S1,S,0,1,B
182,2,H2,CGCCGTACTTGC,B0L2,L,0,2,B
183,2,H3,TAAACCTGGACA,T0LC4,LC,0,4,T
184,2,H4,CCAACCCAGATC,T0LC3,LC,0,3,T
185,2,H5,TTAAGTTAAGTT,T0SC5,SC,0,5,T
186,2,H6,AGCCGCGGGTCC,T0L2,L,0,2,T
187,2,H7,GGTAGTTCATAG,T0EC3,EC,0,3,T
188,2,H8,CGATGAATATCG,T0EC4,EC,0,4,T
189,2,H9,GTTCTAAGGTGA,T0LC2,LC,0,2,T
190,2,H10,ATGACTAAGATG,T0SC3,SC,0,3,T
191,2,H11,TACAGCGCATAC,T0EC6,EC,0,6,T
192,2,H12,TGACAGAATCCA,T0L5,L,0,5,T
193,3,A1,CCTCGCATGACC,T0LC1,LC,0,1,T
194,3,A2,GGCGTAACGGCA,T0E3,E,0,3,T
195,3,A3,GCGAGGAAGTCC,T0S5,S,0,5,T
196,3,A4,CAAATTCGGGAT,T0SC1,SC,0,1,T
197,3,A5,TTGTGTCTCCCT,T0E6,E,0,6,T
198,3,A6,CAATGTAGACAC,T0LC6,LC,0,6,T
199,3,A7,AACCACTAACCG,T0S4,S,0,4,T
200,3,A8,AACTTTCAGGAG,T0S3,S,0,3,T
201,3,A9,CCAGGACAGGAA,T0LC5,LC,0,5,T
202,3,A10,GCGCGGCGTTGC,T0L3,L,0,3,T
203,3,A11,GTCGCTTGCACA,T0L1,L,0,1,T
204,3,A12,TCCGCCTAGTCG,T0SC4,SC,0,4,T
205,3,B1,CGCGCAAGTATT,T0E1,E,0,1,T
206,3,B2,AATACAGACCTG,T0L6,L,0,6,T
207,3,B3,GGACAAGTGCGA,T0EC2,EC,0,2,T
208,3,B4,TACGGTCTGGAT,T0E5,E,0,5,T
209,3,B5,TTCAGTTCGTTA,T0S6,S,0,6,T
210,3,B6,CCGCGTCTCAAC,T0SC6,SC,0,6,T
211,3,B7,CCGAGGTATAAT,T0L4,L,0,4,T
212,3,B8,AGATTCGCTCGA,F0EC3,EC,0,3,F
213,3,B9,TTGCCGCTCTGG,T0E2,E,0,2,T
214,3,B10,AGACTTCTCAGG,F0S2,S,0,2,F
215,3,B11,TCTTGCGGAGTC,F0SC2,SC,0,2,F
216,3,B12,CTATCTCCTGTC,F0EC4,EC,0,4,F
217,3,C1,AAGGCGCTCCTT,F0S3,S,0,3,F
218,3,C2,GATCTAATCGAG,F0E1,E,0,1,F
219,3,C3,CTGATGTACACG,F0E3,E,0,3,F
220,3,C4,ACGTATTCGAAG,F0S4,S,0,4,F
221,3,C5,GACGTTAAGAAT,T0S2,S,0,2,T
222,3,C6,TGGTGGAGTTTC,F0E2,E,0,2,F
223,3,C7,TTAACAAGGCAA,F0SC4,SC,0,4,F
224,3,C8,AACCGCATAAGT,F0SC1,SC,0,1,F
225,3,C9,CCACAACGATCA,F0EC6,EC,0,6,F
226,3,C10,AGTTCTCATTAA,F0S5,S,0,5,F
227,3,C11,GAGCCATCTGTA,F0E4,E,0,4,F
228,3,C12,GATATACCAGTG,F0S1,S,0,1,F
229,3,D1,CGCAATGAGGGA,F0E6,E,0,6,F
230,3,D2,CCGCAGCCGCAG,F0EC1,EC,0,1,F
231,3,D3,TGGAGCCTTGTC,F0SC5,SC,0,5,F
232,3,D4,TTACTTATCCGA,F0EC2,EC,0,2,F
233,3,D5,ATGGGACCTTCA,R0L5,L,0,5,R
234,3,D6,TCCGATAATCGG,F0EC5,EC,0,5,F
235,3,D7,AAGTCACACACA,R0L6,L,0,6,R
236,3,D8,GAAGTAGCGAGC,R0LC6,LC,0,6,R
237,3,D9,CACCATCTCCGG,F0SC3,SC,0,3,F
238,3,D10,GTGTCGAGGGCA,R0L2,L,0,2,R
239,3,D11,TTCCACACGTGG,R0L1,L,0,1,R
240,3,D12,AGAATCCACCAC,R0LC2,LC,0,2,R
241,3,E1,ACGGCGTTATGT,R0LC1,LC,0,1,R
242,3,E2,GAACCGTGCAGG,R0LC5,LC,0,5,R
243,3,E3,ACGTGCCTTAGA,G2SC1,SC,2,1,G
244,3,E4,AGTTGTAGTCCG,R0L4,L,0,4,R
245,3,E5,AGGGACTTCAAT,R0LC4,LC,0,4,R
246,3,E6,CGGCCAGAAGCA,R0L3,L,0,3,R
247,3,E7,TGGCAGCGAGCC,G2S25,S,2,25,G
248,3,E8,GTGAATGTTCGA,G2E6,E,2,6,G
249,3,E9,TATGTTGACGGC,G2L3,L,2,3,G
250,3,E10,AGTGTTTCGGAC,G2LC3,LC,2,3,G
251,3,E11,ATTTCCGCTAAT,G2EC6,EC,2,6,G
252,3,E12,CAAACCTATGGC,G2LC6,LC,2,6,G
253,3,F1,CATTTGACGACG,G2SC25,SC,2,2,G
254,3,F2,ACTAAGTACCCG,G2EC1,EC,2,1,G
255,3,F3,CACCCTTGCGAC,G2SC5,SC,2,5,G
256,3,F4,GATGCCTAATGA,G2S5,S,2,5,G
257,3,F5,GTACGTCACTGA,G2S4,S,2,4,G
258,3,F6,TCGCTACAGATG,G2S1,S,2,1,G
259,3,F7,CCGGCTTATGTG,G2E2,E,2,2,G
260,3,F8,ATAGTCCTTTAA,G2E1,E,2,1,G
261,3,F9,TCGAGCCGATCT,G2S6,S,2,6,G
262,3,F10,AGTGCAGGAGCC,G2L2,L,2,2,G
263,3,F11,GTACTCGAACCA,G2S2 ,S,2,2,G
264,3,F12,ATAGGAATAACC,G2SC6,SC,2,6,G
265,3,G1,GCTGCGTATACC,G2L4,L,2,4,G
266,3,G2,CTCAGCGGGACG,G2LC2,LC,2,2,G
267,3,G3,ATGCCTCGTAAG,G2EC3,EC,2,3,G
268,3,G4,TTAGTTTGTCAC,G2SC3,SC,2,3,G
269,3,G5,CCGGCCGCGTGC,G2S3,S,2,3,G
270,3,G6,ATTATGATTATG,G2L6,L,2,6,G
271,3,G7,CGAATACTGACA,R0LC3,LC,0,3,R
272,3,G8,TCTTATAACGCT,G2EC4,EC,2,4,G
273,3,G9,TAAGGTCGATAA,G2SC4,SC,2,4,G
274,3,G10,GTTGCTGAGTCC,G2L5,L,2,5,G
275,3,G11,ACACCGCACAAT,G2E4,E,2,4,G
276,3,G12,CACAACCACAAC,G2LC5,LC,2,5,G
277,3,H1,GAGAAGCTTATA,G2LC1,LC,2,1,G
278,3,H2,GTTAACTTACTA,G2E3,E,2,3,G
279,3,H3,GTTGTTCTGGGA,G2SC2,SC,2,2,G
280,3,H4,AGGGTGACTTTA,G2EC2,EC,2,2,G
281,3,H5,GCCGCCAGGGTC,G2L1,L,2,1,G
282,3,H6,GCCACCGCCGGA,G2LC4,LC,2,4,G
