SampleID,Plate,Well,Sequence,ID_2,site,time,trt
1001,1,A1,AGCCTTCGTCGC,G0SC2,G,0,SC
1002,1,A2,TCCATACCGGAA,G0S6,G,0,S
1004,1,A4,CCTAACGGTCCA,A1SC4,A,1,SC
1005,1,A5,CGCGCCTTAAAC,B0EC2,B,0,EC
1006,1,A6,TATGGTACCCAG,G0SC4,G,0,SC
1009,1,A9,GACTCAACCAGT,B0E1,B,0,E
1010,1,A10,GCCTCTACGTCG,A1E4,A,1,E
1011,1,A11,ACTACTGAGGAT,A1S5,A,1,S
1012,1,A12,AATTCACCTCCT,G0E2,G,0,E
1013,1,B1,CGTATAAATGCG,A1S1,A,1,S
1014,1,B2,ATGCTGCAACAC,A1E6,A,1,E
1015,1,B3,ACTCGCTCGCTG,A1SC5,A,1,SC
1016,1,B4,TTCCTTAGTAGT,G0S4,G,0,S
1017,1,B5,CGTCCGTATGAA,A1EC6,A,1,EC
1018,1,B6,ACGTGAGGAACG,G0EC4,G,0,EC
1019,1,B7,GGTTGCCCTGTA,G0SC5,G,0,SC
1021,1,B9,GCCTATGAGATC,B0E3,B,0,E
1022,1,B10,CAAGTGAAGGGA,G0S3,G,0,S
1023,1,B11,CACGTTTATTCC,T0E5,T,0,E
1024,1,B12,TAATCGGTGCCA,A1SC2,A,1,SC
1025,1,C1,TGACTAATGGCC,B0E2,B,0,E
1026,1,C2,CGGGACACCCGA,B0EC3,B,0,EC
1027,1,C3,CTGTCTATACTA,G0S5,G,0,S
1028,1,C4,TATGCCAGAGAT,G0E6,G,0,E
1029,1,C5,CGTTTGGAATGA,G0S2,G,0,S
1030,1,C6,AAGAACTCATGA,G0EC3,G,0,EC
1031,1,C7,TGATATCGTCTT,G0EC2,G,0,EC
1032,1,C8,CGGTGACCTACT,G0EC5,G,0,EC
1034,1,C10,CTTGATTCTTGA,B0S2,B,0,S
1035,1,C11,GAAATCTTGAAG,B0EC1,B,0,EC
1036,1,C12,GAGATACAGTTC,B0SC1,B,0,SC
1037,1,D1,GTGGAGTCTCAT,G0EC6,G,0,EC
1038,1,D2,ACCTTACACCTT,B0SC2,B,0,SC
1039,1,D3,TAATCTCGCCGG,G0E4,G,0,E
1040,1,D4,ATCTAGTGGCAA,G0SC3,G,0,SC
1041,1,D5,ACGCTTAACGAC,G0E1,G,0,E
1042,1,D6,TACGGATTATGG,B0S1,B,0,S
1043,1,D7,ATACATGCAAGA,G0SC1,G,0,SC
1044,1,D8,CTTAGTGCAGAA,G0S1,G,0,S
1045,1,D9,AATCTTGCGCCG,G0SC6,G,0,SC
1046,1,D10,AGGATCAGGGAA,G0EC1,G,0,EC
1047,1,D11,AATAACTAGGGT,G0E5,G,0,E
1048,1,D12,TATTGCAGCAGC,A1S2,A,1,S
1049,1,E1,TGATGTGCTAAG,A1EC4,A,1,EC
1050,1,E2,GTAGTAGACCAT,A1E2,A,1,E
1051,1,E3,AGTAAAGATCGT,G1E2,G,1,E
1052,1,E4,CTCGCCCTCGCC,G1E3,G,1,E
1053,1,E5,TCTCTTTCGACA,G1EC6,G,1,EC
1054,1,E6,ACATACTGAGCA,G1EC3,G,1,EC
1055,1,E7,GTTGATACGATG,G1SC5,G,1,SC
1056,1,E8,GTCAACGCTGTC,G1S3,G,1,S
1057,1,E9,TGAGACCCTACA,A1E1,A,1,E
1058,1,E10,ACTTGGTGTAAG,A1S6,A,1,S
1059,1,E11,ATTACGTATCAT,A1E5,A,1,E
1060,1,E12,CACGCAGTCTAC,A1EC5,A,1,EC
1061,1,F1,TGTGCACGCCAT,G1SC4,G,1,SC
1062,1,F2,CCGGACAAGAAG,G1S5,G,1,S
1063,1,F3,TTGCTGGACGCT,G1SC2,G,1,SC
1064,1,F4,TACTAACGCGGT,G1EC4,G,1,EC
1065,1,F5,GCGATCACACCT,A1EC1,A,1,EC
1066,1,F6,CAAACGCACTAA,A1SC6,A,1,SC
1067,1,F7,GAAGAGGGTTGA,A1SC1,A,1,SC
1068,1,F8,TGAGTGGTCTGT,G1SC3,G,1,SC
1069,1,F9,TTACACAAAGGC,A1EC2,A,1,EC
1070,1,F10,ACGACGCATTTG,G0E3,G,0,E
1071,1,F11,TATCCAAGCGCA,G1E6,G,1,E
1072,1,F12,AGAGCCAAGAGC,G1SC1,G,1,SC
1073,1,G1,GGTGAGCAAGCA,G1EC5,G,1,EC
1074,1,G2,TAAATATACCCT,T1E6,T,1,E
1075,1,G3,TTGCGGACCCTA,T1E2,T,1,E
1076,1,G4,GTCGTCCAAATG,T1EC6,T,1,EC
1077,1,G5,TGCACAGTCGCT,T1EC5,T,1,EC
1079,1,G7,GGTTCATGAACA,G1S1,G,1,S
1080,1,G8,TAACAATAATTC,G1S6,G,1,S
1081,1,G9,CTTATTAAACGT,T1SC1,T,1,SC
1082,1,G10,GCTCGAAGATTC,T1S3,T,1,S
1083,1,G11,TATTTGATTGGT,G1SC6,G,1,SC
1084,1,G12,TGTCAAAGTGAC,T1EC2,T,1,EC
1085,1,H1,CTATGTATTAGT,G1EC2,G,1,EC
1086,1,H2,ACTCCCGTGTGA,T1S1,T,1,S
1087,1,H3,CGGTATAGCAAT,G1E4,G,1,E
1088,1,H4,GACTCTGCTCAG,T1S2,T,1,S
1089,1,H5,GTCATGCTCCAG,T1EC1,T,1,EC
1090,1,H6,TACCGAAGGTAT,T1EC3,T,1,EC
1091,1,H7,TGAGTATGAGTA,G1S2,G,1,S
1092,1,H8,AATGGTTCAGCA,G1E1,G,1,E
1093,1,H9,GAACCAGTACTC,T1E1,T,1,E
1094,1,H10,CGCACCCATACA,T1SC6,T,1,SC
1095,1,H11,GTGCCATAATCG,T1E4,T,1,E
1096,1,H12,ACTCTTACTTAG,G1S4,G,1,S
1097,2,A1,CTACAGGGTCTC,T1SC4,T,1,SC
1098,2,A2,CTTGGAGGCTTA,T1EC4,T,1,EC
1099,2,A3,TATCATATTACG,T1SC5,T,1,SC
1100,2,A4,CTATATTATCCG,T1S5,T,1,S
1101,2,A5,ACCGAACAATCC,T1SC3,T,1,SC
1102,2,A6,ACGGTACCCTAC,T1E3,T,1,E
1103,2,A7,TGAGTCATTGAG,G1E5,G,1,E
1104,2,A8,ACCTACTTGTCT,T1E5,T,1,E
1105,2,A9,ACTGTGACGTCC,G1EC1,G,1,EC
1106,2,A10,CTCTGAGGTAAC,T1S6,T,1,S
1107,2,A11,CATGTCTTCCAT,A0SC3,A,0,SC
1108,2,A12,AACAGTAAACAA,T0S1,T,0,S
1109,2,B1,GTTCATTAAACT,A0E1,A,0,E
1110,2,B2,GTGCCGGCCGAC,T0SC2,T,0,SC
1111,2,B3,CCTTGACCGATG,A0SC1,A,0,SC
1112,2,B4,CAAACTGCGTTG,A0SC2,A,0,SC
1113,2,B5,TCGAGAGTTTGC,T0E2,T,0,E
1114,2,B6,CGACACGGAGAA,T0E4,T,0,E
1116,2,B8,GGAGAACGACAC,T0E1,T,0,E
1117,2,B9,CCTACCATTGTT,A0S2,A,0,S
1118,2,B10,TCCGGCGGGCAA,A0SC4,A,0,SC
1119,2,B11,TAATCCATAATC,A0E3,A,0,E
1120,2,B12,CCTCCGTCATGG,T1SC2,T,1,SC
1121,2,C1,TTCGATGCCGCA,B2E1,B,2,E
1122,2,C2,AGAGGGTGATCG,B2S1,B,2,S
1123,2,C3,AGCTCTAGAAAC,B2EC2,B,2,EC
1124,2,C4,CTGACACGAATA,B2E2,B,2,E
1125,2,C5,GCTGCCCACCTA,B2SC2,B,2,SC
1126,2,C6,GCGTTTGCTAGC,B2EC3,B,2,EC
1127,2,C7,AGATCGTGCCTA,B2SC1,B,2,SC
1128,2,C8,AATTAATATGTA,B2E3,B,2,E
1129,2,C9,CATTTCGCACTT,B2S2,B,2,S
1130,2,C10,ACATGATATTCT,B2EC1,B,2,EC
1131,2,C11,GCAACGAACGAG,B4S2,B,4,S
1132,2,C12,AGATGTCCGTCA,A0E4,A,0,E
1133,2,D1,TCGTTATTCAGT,T0S3,T,0,S
1134,2,D2,GGATACTCGCAT,A0E2,A,0,E
1135,2,D3,AATGTTCAACTT,A0EC3,A,0,EC
1136,2,D4,AGCAGTGCGGTG,T0EC4,T,0,EC
1137,2,D5,GCATATGCACTG,T0EC6,T,0,EC
1138,2,D6,CCGGCGACAGAA,A0EC1,A,0,EC
1139,2,D7,CCTCACTAGCGA,A0S1,A,0,S
1140,2,D8,CTAATCAGAGTG,T0SC6,T,0,SC
1141,2,D9,CTACTCCACGAG,T0S2,T,0,S
1142,2,D10,TAAGGCATCGCT,T0EC2,T,0,EC
1143,2,D11,AGCGCGGCGAAT,T0SC1,T,0,SC
1144,2,D12,TAGCAGTTGCGT,T0EC1,T,0,EC
1145,2,E1,ACTCTGTAATTA,T0SC5,T,0,SC
1146,2,E2,TCATGGCCTCCG,A0S5,A,0,S
1147,2,E3,CAATCATAGGTG,T0S6,T,0,S
1148,2,E4,GTTGGACGAAGG,A0E6,A,0,E
1149,2,E5,GTCACTCCGAAC,A0S6,A,0,S
1150,2,E6,CGTTCTGGTGGT,A0SC5,A,0,SC
1151,2,E7,TAGTTCGGTGAC,A0EC5,A,0,EC
1152,2,E8,TTAATGGATCGG,A0EC2,A,0,EC
1153,2,E9,TCAAGTCCGCAC,A0SC6,A,0,SC
1154,2,E10,CACACAAAGTCA,A0EC6,A,0,EC
1155,2,E11,GTCAGGTGCGGC,A0EC4,A,0,EC
1156,2,E12,TTGAACAAGCCA,A0S4,A,0,S
1157,2,F1,ATATGTTCTCAA,T0SC3,T,0,SC
1158,2,F2,ATGTGCTGCTCG,T0E3,T,0,E
1159,2,F3,CCGATAAAGGTT,A0E5,A,0,E
1160,2,F4,CAGGAACCAGGA,A0S3,A,0,S
1161,2,F5,GCATAAACGACT,T0S4,T,0,S
1162,2,F6,ATCGTAGTGGTC,T0EC5,T,0,EC
1163,2,F7,ACTAAAGCAAAC,T0S5,T,0,S
1164,2,F8,TAGGAACTCACC,T0SC4,T,0,SC
1165,2,F9,GTCCGTCCTGGT,T0EC3,T,0,EC
1166,2,F10,CGAGGCGAGTCA,B4E2,B,4,E
1167,2,F11,TTCCAATACTCA,G4SC5,G,4,SC
1168,2,F12,AACTCAATAGCG,B4EC3,B,4,EC
1169,2,G1,TCAGACCAACTG,G4EC1,G,4,EC
1170,2,G2,CCACGAGCAGGC,B4EC2,B,4,EC
1171,2,G3,GCGTGCCCGGCC,G4S5,G,4,S
1172,2,G4,CAAAGGAGCCCG,B4SC2,B,4,SC
1173,2,G5,TGCGGCGTCAGG,G4EC2,G,4,EC
1174,2,G6,CGCTGTGGATTA,B4E1,B,4,E
1175,2,G7,CTTGCTCATAAT,G4E3,G,4,E
1176,2,G8,ACGACAACGGGC,G4S1,G,4,S
1177,2,G9,CTAGCGTGCGTT,G4EC4,G,4,EC
1178,2,G10,TAGTCTAAGGGT,G4E2,G,4,E
1179,2,G11,GTTTGAAACACG,G4SC2,G,4,SC
1180,2,G12,ACCTCAGTCAAG,G4SC1,G,4,SC
1181,2,H1,TCATTAGCGTGG,G4E1,G,4,E
1183,2,H3,TAAACCTGGACA,B4E3,B,4,E
1184,2,H4,CCAACCCAGATC,B4EC1,B,4,EC
1185,2,H5,TTAAGTTAAGTT,B4S1,B,4,S
1186,2,H6,AGCCGCGGGTCC,G4SC6,G,4,SC
1187,2,H7,GGTAGTTCATAG,G4SC3,G,4,SC
1188,2,H8,CGATGAATATCG,G4EC5,G,4,EC
1190,2,H10,ATGACTAAGATG,G4S4,G,4,S
1191,2,H11,TACAGCGCATAC,G4SC4,G,4,SC
1192,2,H12,TGACAGAATCCA,G4E5,G,4,E
1289,3,A1,CCTCGCATGACC,T4SC4,T,4,SC
1290,3,A2,GGCGTAACGGCA,T4SC3,T,4,SC
1291,3,A3,GCGAGGAAGTCC,T4SC1,T,4,SC
1292,3,A4,CAAATTCGGGAT,T4S5,T,4,S
1293,3,A5,TTGTGTCTCCCT,T4S4,T,4,S
1294,3,A6,CAATGTAGACAC,T4EC6,T,4,EC
1295,3,A7,AACCACTAACCG,G2S3,G,2,S
1296,3,A8,AACTTTCAGGAG,G2EC3,G,2,EC
1297,3,A9,CCAGGACAGGAA,B1E2,B,1,E
1298,3,A10,GCGCGGCGTTGC,G2SC6,G,2,SC
1299,3,A11,GTCGCTTGCACA,B1EC2,B,1,EC
1300,3,A12,TCCGCCTAGTCG,G2EC5,G,2,EC
1301,3,B1,CGCGCAAGTATT,G2E6,G,2,E
1302,3,B2,AATACAGACCTG,G2E3,G,2,E
1303,3,B3,GGACAAGTGCGA,G2SC4,G,2,SC
1304,3,B4,TACGGTCTGGAT,G2S1,G,2,S
1305,3,B5,TTCAGTTCGTTA,B1SC1,B,1,SC
1306,3,B6,CCGCGTCTCAAC,G2EC1,G,2,EC
1307,3,B7,CCGAGGTATAAT,G2S4,G,2,S
1308,3,B8,AGATTCGCTCGA,G2SC5,G,2,SC
1309,3,B9,TTGCCGCTCTGG,G2SC2,G,2,SC
1310,3,B10,AGACTTCTCAGG,G2S2,G,2,S
1311,3,B11,TCTTGCGGAGTC,G2EC6,G,2,EC
1312,3,B12,CTATCTCCTGTC,G2E5,G,2,E
1313,3,C1,AAGGCGCTCCTT,G2S6,G,2,S
1314,3,C2,GATCTAATCGAG,G2EC4,G,2,EC
1315,3,C3,CTGATGTACACG,B1S2,B,1,S
1316,3,C4,ACGTATTCGAAG,B1E3,B,1,E
1317,3,C5,GACGTTAAGAAT,B1E1,B,1,E
1318,3,C6,TGGTGGAGTTTC,G2SC3,G,2,SC
1319,3,C7,TTAACAAGGCAA,B1S1,B,1,S
1320,3,C8,AACCGCATAAGT,G2E2,G,2,E
1321,3,C9,CCACAACGATCA,G2EC2,G,2,EC
1322,3,C10,AGTTCTCATTAA,B1EC3,B,1,EC
1323,3,C11,GAGCCATCTGTA,G2SC1,G,2,SC
1324,3,C12,GATATACCAGTG,G2E4,G,2,E
1325,3,D1,CGCAATGAGGGA,G2S5,G,2,S
1326,3,D2,CCGCAGCCGCAG,G2E1,G,2,E
1327,3,D3,TGGAGCCTTGTC,B1EC1,B,1,EC
1328,3,D4,TTACTTATCCGA,B1SC2,B,1,SC
1329,3,D5,ATGGGACCTTCA,A3E4,A,3,E
1330,3,D6,TCCGATAATCGG,A3SC1,A,3,SC
1331,3,D7,AAGTCACACACA,A3EC1,A,3,EC
1332,3,D8,GAAGTAGCGAGC,A3E1,A,3,E
1333,3,D9,CACCATCTCCGG,A3SC5,A,3,SC
1334,3,D10,GTGTCGAGGGCA,G3E3,G,3,E
1335,3,D11,TTCCACACGTGG,A3SC6,A,3,SC
1336,3,D12,AGAATCCACCAC,A3EC3,A,3,EC
1337,3,E1,ACGGCGTTATGT,A3E3,A,3,E
1338,3,E2,GAACCGTGCAGG,G3SC2,G,3,SC
1339,3,E3,ACGTGCCTTAGA,G3EC4,G,3,EC
1340,3,E4,AGTTGTAGTCCG,A3E6,A,3,E
1341,3,E5,AGGGACTTCAAT,A3E2,A,3,E
1342,3,E6,CGGCCAGAAGCA,A3EC4,A,3,EC
1343,3,E7,TGGCAGCGAGCC,A3S3,A,3,S
1344,3,E8,GTGAATGTTCGA,A3SC2,A,3,SC
1345,3,E9,TATGTTGACGGC,A3S4,A,3,S
1346,3,E10,AGTGTTTCGGAC,A3EC2,A,3,EC
1347,3,E11,ATTTCCGCTAAT,G3S3,G,3,S
1348,3,E12,CAAACCTATGGC,A3SC3,A,3,SC
1349,3,F1,CATTTGACGACG,A3S5,A,3,S
1350,3,F2,ACTAAGTACCCG,A3SC4,A,3,SC
1351,3,F3,CACCCTTGCGAC,A3S1,A,3,S
1352,3,F4,GATGCCTAATGA,A3EC6,A,3,EC
1353,3,F5,GTACGTCACTGA,A3EC5,A,3,EC
1354,3,F6,TCGCTACAGATG,A3E5,A,3,E
1355,3,F7,CCGGCTTATGTG,G3EC3,G,3,EC
1356,3,F8,ATAGTCCTTTAA,G3SC3,G,3,SC
1357,3,F9,TCGAGCCGATCT,G3EC2,G,3,EC
1358,3,F10,AGTGCAGGAGCC,G3S2,G,3,S
1359,3,F11,GTACTCGAACCA,G3S5,G,3,S
1360,3,F12,ATAGGAATAACC,G3E1,G,3,E
1361,3,G1,GCTGCGTATACC,G3E6,G,3,E
1362,3,G2,CTCAGCGGGACG,G3E2,G,3,E
1363,3,G3,ATGCCTCGTAAG,G3SC4,G,3,SC
1364,3,G4,TTAGTTTGTCAC,T3E6,T,3,E
1365,3,G5,CCGGCCGCGTGC,A3S6,A,3,S
1366,3,G6,ATTATGATTATG,G3E5,G,3,E
1367,3,G7,CGAATACTGACA,G3EC1,G,3,EC
1368,3,G8,TCTTATAACGCT,A3S2,A,3,S
1369,3,G9,TAAGGTCGATAA,G3SC6,G,3,SC
1370,3,G10,GTTGCTGAGTCC,T3EC4,T,3,EC
1371,3,G11,ACACCGCACAAT,G3EC5,G,3,EC
1372,3,G12,CACAACCACAAC,G3S4,G,3,S
1373,3,H1,GAGAAGCTTATA,T3SC5,T,3,SC
1374,3,H2,GTTAACTTACTA,G3SC5,G,3,SC
1375,3,H3,GTTGTTCTGGGA,T3S4,T,3,S
1376,3,H4,AGGGTGACTTTA,T3EC6,T,3,EC
1377,3,H5,GCCGCCAGGGTC,T3EC3,T,3,EC
1378,3,H6,GCCACCGCCGGA,T3S5,T,3,S
1379,3,H7,ACACACCCTGAC,B3SC2,B,3,SC
1380,3,H8,TATAGGCTCCGC,G3EC6,G,3,EC
1381,3,H9,ATAATTGCCGAG,T3EC2,T,3,EC
1382,3,H10,CGGAGAGACATG,B3E1,B,3,E
1383,3,H11,CAGCCCTACCCA,T3SC1,T,3,SC
1193,1,A1,AGCCTTCGTCGC,A2EC5,A,2,EC
1194,1,A2,TCCATACCGGAA,A2EC6,A,2,EC
1195,1,A3,AGCCCTGCTACA,A2S1,A,2,S
1196,1,A4,CCTAACGGTCCA,T2E3,T,2,E
1197,1,A5,CGCGCCTTAAAC,A2E3,A,2,E
1198,1,A6,TATGGTACCCAG,A2E5,A,2,E
1199,1,A7,TACAATATCTGT,A2SC6,A,2,SC
1200,1,A8,AATTTAGGTAGG,A2E4,A,2,E
1201,1,A9,GACTCAACCAGT,T2E6,T,2,E
1202,1,A10,GCCTCTACGTCG,T2S5,T,2,S
1203,1,A11,ACTACTGAGGAT,A2EC2,A,2,EC
1204,1,A12,AATTCACCTCCT,T2SC6,T,2,SC
1205,1,B1,CGTATAAATGCG,T2SC3,T,2,SC
1206,1,B2,ATGCTGCAACAC,G4S2,G,4,S
1207,1,B3,ACTCGCTCGCTG,A2SC3,A,2,SC
1208,1,B4,TTCCTTAGTAGT,T2S1,T,2,S
1209,1,B5,CGTCCGTATGAA,T2S6,T,2,S
1210,1,B6,ACGTGAGGAACG,G4S6,G,4,S
1211,1,B7,GGTTGCCCTGTA,G4EC3,G,4,EC
1212,1,B8,CATATAGCCCGA,G4E6,G,4,E
1213,1,B9,GCCTATGAGATC,G4E4,G,4,E
1214,1,B10,CAAGTGAAGGGA,T2EC1,T,2,EC
1215,1,B11,CACGTTTATTCC,A2SC1,A,2,SC
1216,1,B12,TAATCGGTGCCA,G4S3,G,4,S
1217,1,C1,TGACTAATGGCC,A2EC4,A,2,EC
1218,1,C2,CGGGACACCCGA,T2EC5,T,2,EC
1219,1,C3,CTGTCTATACTA,T2E4,T,2,E
1220,1,C4,TATGCCAGAGAT,A2S5,A,2,S
1221,1,C5,CGTTTGGAATGA,A2S3,A,2,S
1222,1,C6,AAGAACTCATGA,A2E6,A,2,E
1223,1,C7,TGATATCGTCTT,A2S4,A,2,S
1224,1,C8,CGGTGACCTACT,T2E1,T,2,E
1225,1,C9,AATGCGCGTATA,T2EC3,T,2,EC
1226,1,C10,CTTGATTCTTGA,A2S2,A,2,S
1227,1,C11,GAAATCTTGAAG,A2EC3,A,2,EC
1228,1,C12,GAGATACAGTTC,T2SC1,T,2,SC
1229,1,D1,GTGGAGTCTCAT,T2EC4,T,2,EC
1230,1,D2,ACCTTACACCTT,A2EC1,A,2,EC
1231,1,D3,TAATCTCGCCGG,T2S2,T,2,S
1232,1,D4,ATCTAGTGGCAA,T2S4,T,2,S
1233,1,D5,ACGCTTAACGAC,A2S6,A,2,S
1234,1,D6,TACGGATTATGG,T2SC5,T,2,SC
1235,1,D7,ATACATGCAAGA,T2SC4,T,2,SC
1236,1,D8,CTTAGTGCAGAA,T2SC2,T,2,SC
1237,1,D9,AATCTTGCGCCG,A2SC5,A,2,SC
1238,1,D10,AGGATCAGGGAA,A2E2,A,2,E
1239,1,D11,AATAACTAGGGT,T2EC6,T,2,EC
1240,1,D12,TATTGCAGCAGC,T2E5,T,2,E
1241,1,E1,TGATGTGCTAAG,A4SC6,A,4,SC
1242,1,E2,GTAGTAGACCAT,T2EC2,T,2,EC
1243,1,E3,AGTAAAGATCGT,A4S5,A,4,S
1244,1,E4,CTCGCCCTCGCC,T2S3,T,2,S
1245,1,E5,TCTCTTTCGACA,A4S1,A,4,S
1246,1,E6,ACATACTGAGCA,A4SC4,A,4,SC
1247,1,E7,GTTGATACGATG,T2E2,T,2,E
1248,1,E8,GTCAACGCTGTC,A2SC2,A,2,SC
1249,1,E9,TGAGACCCTACA,A4SC2,A,4,SC
1250,1,E10,ACTTGGTGTAAG,A2SC4,A,2,SC
1251,1,E11,ATTACGTATCAT,A4SC5,A,4,SC
1252,1,E12,CACGCAGTCTAC,A4E2,A,4,E
1253,1,F1,TGTGCACGCCAT,A4S2,A,4,S
1254,1,F2,CCGGACAAGAAG,A4E5,A,4,E
1255,1,F3,TTGCTGGACGCT,A4EC2,A,4,EC
1256,1,F4,TACTAACGCGGT,A4SC1,A,4,SC
1257,1,F5,GCGATCACACCT,A4EC3,A,4,EC
1258,1,F6,CAAACGCACTAA,A4SC3,A,4,SC
1259,1,F7,GAAGAGGGTTGA,A4E6,A,4,E
1260,1,F8,TGAGTGGTCTGT,A4S3,A,4,S
1261,1,F9,TTACACAAAGGC,A2E1,A,2,E
1262,1,F10,ACGACGCATTTG,A4E1,A,4,E
1263,1,F11,TATCCAAGCGCA,A4E3,A,4,E
1264,1,F12,AGAGCCAAGAGC,A4EC4,A,4,EC
1265,1,G1,GGTGAGCAAGCA,T4EC3,T,4,EC
1266,1,G2,TAAATATACCCT,T4E6,T,4,E
1267,1,G3,TTGCGGACCCTA,T4SC2,T,4,SC
1268,1,G4,GTCGTCCAAATG,T4E2,T,4,E
1269,1,G5,TGCACAGTCGCT,A4EC1,A,4,EC
1270,1,G6,TTACTGTGGCCG,A4EC6,A,4,EC
1271,1,G7,GGTTCATGAACA,T4SC5,T,4,SC
1272,1,G8,TAACAATAATTC,A4E4,A,4,E
1273,1,G9,CTTATTAAACGT,T4S6,T,4,S
1274,1,G10,GCTCGAAGATTC,T4S2,T,4,S
1275,1,G11,TATTTGATTGGT,T4EC1,T,4,EC
1276,1,G12,TGTCAAAGTGAC,T4EC5,T,4,EC
1277,1,H1,CTATGTATTAGT,A4EC5,A,4,EC
1278,1,H2,ACTCCCGTGTGA,T4E4,T,4,E
1279,1,H3,CGGTATAGCAAT,T4EC2,T,4,EC
1280,1,H4,GACTCTGCTCAG,T4S3,T,4,S
1281,1,H5,GTCATGCTCCAG,T4E1,T,4,E
1282,1,H6,TACCGAAGGTAT,T4EC4,T,4,EC
1283,1,H7,TGAGTATGAGTA,T4E5,T,4,E
1284,1,H8,AATGGTTCAGCA,A4S4,A,4,S
1285,1,H9,GAACCAGTACTC,T4E3,T,4,E
1286,1,H10,CGCACCCATACA,T4S1,T,4,S
1287,1,H11,GTGCCATAATCG,A4S6,A,4,S
1288,1,H12,ACTCTTACTTAG,T4SC6,T,4,SC
1384,2,A1,CTACAGGGTCTC,T3S6,T,3,S
1385,2,A2,CTTGGAGGCTTA,T3SC6,T,3,SC
1386,2,A3,TATCATATTACG,B3S1,B,3,S
1387,2,A4,CTATATTATCCG,G3S6,G,3,S
1388,2,A5,ACCGAACAATCC,B3EC1,B,3,EC
1389,2,A6,ACGGTACCCTAC,T3S3,T,3,S
1390,2,A7,TGAGTCATTGAG,T3SC2,T,3,SC
1391,2,A8,ACCTACTTGTCT,T3S2,T,3,S
1392,2,A9,ACTGTGACGTCC,T3EC1,T,3,EC
1393,2,A10,CTCTGAGGTAAC,G3S1,G,3,S
1394,2,A11,CATGTCTTCCAT,B3EC3,B,3,EC
1395,2,A12,AACAGTAAACAA,G3E4,G,3,E
1396,2,B1,GTTCATTAAACT,B3S2,B,3,S
1397,2,B2,GTGCCGGCCGAC,T3E5,T,3,E
1398,2,B3,CCTTGACCGATG,T3SC3,T,3,SC
1399,2,B4,CAAACTGCGTTG,T3S1,T,3,S
1400,2,B5,TCGAGAGTTTGC,T3E2,T,3,E
1401,2,B6,CGACACGGAGAA,T3E1,T,3,E
1403,2,B8,GGAGAACGACAC,T3E3,T,3,E
1404,2,B9,CCTACCATTGTT,G3SC1,G,3,SC
1405,2,B10,TCCGGCGGGCAA,B3E3,B,3,E
1406,2,B11,TAATCCATAATC,B3SC1,B,3,SC
1407,2,B12,CCTCCGTCATGG,B3EC2,B,3,EC
1408,2,C1,TTCGATGCCGCA,T3E4,T,3,E
1409,2,C2,AGAGGGTGATCG,T3EC5,T,3,EC
1410,2,C3,AGCTCTAGAAAC,T3SC4,T,3,SC
